,index,AccountUserID_BLOB,SessionUserID_BLOB,AccountUserID,TimeStamp,EventType,CurrentTime,play_pause,current_slot
0,1027,...,,5285,1418906044,Video.Play,0.0,0,0
1,396,...,,5285,1418906055,Video.Pause,15.5975,0,0
2,1866,...,,5285,1418906348,Video.Play,15.5975,293,0
3,1773,...,,5285,1418906351,Video.Pause,21.5263,0,1
4,2480,...,,5285,1418906528,Video.Play,21.5263,177,1
5,1909,...,,5285,1418906879,Video.Pause,460.525,0,12
6,2089,...,,50578,1430592215,Video.Play,0.0,0,0
7,1795,...,,50578,1430592217,Video.Play,382.0,0,11
8,1212,...,,50578,1430592227,Video.Pause,391.341,0,12
9,1534,...,,71641,1451493489,Video.Pause,63.3847,0,1
10,329,...,,71641,1451495440,Video.Play,68.24,0,1
11,998,...,,71641,1451499810,Video.Play,0.0,0,0
12,1827,...,,79867,1426355924,Video.Play,0.0,0,0
13,1150,...,,79867,1426356205,Video.Play,280.72,0,9
14,604,...,,79867,1426356435,Video.Pause,460.72,0,12
15,1855,...,,173774,1450293106,Video.Play,0.0,0,0
16,2599,...,,173774,1450293158,Video.Pause,51.4003,0,1
17,1794,...,,173774,1450293350,Video.Play,51.68,0,1
18,1378,...,,173774,1450293397,Video.Pause,98.0819,0,2
19,1713,...,,173774,1450294483,Video.Play,98.5075,0,2
20,2408,...,,173774,1450294496,Video.Pause,111.601,0,2
21,1863,...,,173774,1450294610,Video.Play,111.991,0,2
22,306,...,,173774,1450294622,Video.Pause,124.12100000000001,0,4
23,1047,...,,173774,1450294623,Video.Play,124.48100000000001,0,4
24,1454,...,,173774,1450294624,Video.Pause,125.28,0,4
25,2401,...,,173774,1450294630,Video.Play,102.43,0,2
26,2601,...,,173774,1450294855,Video.Pause,326.961,0,9
27,1064,...,,173774,1450295040,Video.Play,327.19,0,9
28,1520,...,,173774,1450295164,Video.Pause,450.32099999999997,0,12
29,105,...,,173774,1450295165,Video.Play,450.88,0,12
30,2247,...,,190711,1418827081,Video.Play,0.0,0,0
31,1134,...,,190711,1418827545,Video.Pause,460.846,0,12
32,1691,...,,193524,1480461295,Video.Play,0.002,0,0
33,1352,...,,193524,1480461307,Video.Pause,248.19099999999997,0,8
34,774,...,,370148,1418906849,Video.Play,0.0,0,0
35,1103,...,,370148,1418906850,Video.Play,0.0,0,0
36,125,...,,370148,1418906876,Video.Play,32.328,0,1
37,389,...,,370148,1418906898,Video.Pause,308.847,0,9
38,517,...,,370148,1418906900,Video.Play,308.847,2,9
39,994,...,,370148,1418906932,Video.Pause,349.12800000000004,0,10
40,1844,...,,370148,1418906945,Video.Play,349.12800000000004,13,10
41,531,...,,370148,1418906956,Video.Pause,361.407,0,11
42,2185,...,,370148,1418906990,Video.Play,361.407,34,11
43,307,...,,370148,1418907046,Video.Pause,430.88699999999994,0,12
44,60,...,,370148,1418993127,Video.Play,430.0,0,12
45,623,...,,370148,1418993127,Video.Play,430.0,0,12
46,1821,...,,370148,1418993128,Video.Play,430.0,0,12
47,2552,...,,370148,1418993128,Video.Play,430.0,0,12
48,1390,...,,370148,1418993140,Video.Play,209.0,0,8
49,706,...,,370148,1418993143,Video.Play,211.081,0,8
50,1803,...,,370148,1418993359,Video.Pause,219.2,0,8
51,2388,...,,370148,1418993363,Video.Play,219.2,4,8
52,2143,...,,370148,1418993372,Video.Pause,228.6,0,8
53,553,...,,370148,1418995753,Video.Play,228.6,2381,8
54,1917,...,,370148,1418995806,Video.Pause,281.64,0,9
55,1208,...,,370148,1418996496,Video.Play,281.64,690,9
56,621,...,,370148,1418996558,Video.Play,344.16,0,10
57,2133,...,,382505,1429361896,Video.Play,0.0,0,0
58,2103,...,,382505,1429361899,Video.Pause,2.96097,0,0
59,2095,...,,952965,1418286146,Video.Play,0.0,0,0
60,1641,...,,952965,1418286147,Video.Pause,0.743478,0,0
61,254,...,,1059795,1432044213,Video.Play,0.0,0,0
62,2039,...,,1073077,1436097868,Video.Play,0.0,0,0
63,2041,...,,1073077,1436097869,Video.Pause,1.1475,0,0
64,1646,...,,1073077,1436110378,Video.Play,1.0,0,0
65,2434,...,,1073077,1436110628,Video.Pause,309.375,0,9
66,2679,...,,1073077,1436110692,Video.Play,309.7,0,9
67,905,...,,1073077,1436110757,Video.Pause,390.525,0,12
68,171,...,,1073077,1436110843,Video.Play,390.9,0,12
69,1436,...,,1073077,1436110898,Video.Pause,460.375,0,12
70,278,...,,1159840,1418309799,Video.Play,0.0,0,0
71,1181,...,,1169887,1451460943,Video.Play,0.0,0,0
72,1149,...,,1169887,1451727173,Video.Play,0.0,0,0
73,995,...,,1169887,1451727452,Video.Play,19.0,0,1
74,1945,...,,1169887,1451727453,Video.Play,19.0,0,1
75,1835,...,,1169887,1451727465,Video.Play,0.0,0,0
76,1048,...,,1169887,1451727790,Video.Pause,321.683,0,9
77,350,...,,1169887,1451727841,Video.Play,322.54200000000003,0,9
78,702,...,,1169887,1451727980,Video.Pause,460.535,0,12
79,2240,...,,1316611,1419019691,Video.Play,0.0,0,0
80,605,...,,1316611,1419020152,Video.Pause,460.591,0,12
81,2064,...,,1387516,1418501829,Video.Play,0.0,0,0
82,1532,...,,1387516,1418501832,Video.Pause,3.27242,0,0
83,2188,...,,1387516,1418501984,Video.Play,3.27242,152,0
84,1655,...,,1387516,1418502034,Video.Pause,54.9338,0,1
85,2097,...,,1387516,1418502317,Video.Play,54.9338,283,1
86,879,...,,1387516,1418502333,Video.Pause,71.3367,0,1
87,1348,...,,1387516,1418502857,Video.Play,71.3367,524,1
88,1600,...,,1387516,1418502885,Video.Pause,99.7586,0,2
89,485,...,,1387516,1418502899,Video.Play,99.7586,14,2
90,541,...,,1387516,1418502903,Video.Pause,103.809,0,2
91,2375,...,,1387516,1418502922,Video.Play,103.809,19,2
92,266,...,,1387516,1418503030,Video.Pause,200.02,0,7
93,445,...,,1387516,1418503150,Video.Play,200.02,120,7
94,1187,...,,1387516,1418503179,Video.Pause,230.71200000000002,0,8
95,589,...,,1387516,1418503423,Video.Play,230.71200000000002,244,8
96,225,...,,1387516,1418503562,Video.Pause,370.564,0,11
97,2066,...,,1387516,1418506098,Video.Play,370.564,2536,11
98,890,...,,1387516,1418506116,Video.Pause,366.574,0,11
99,687,...,,1387516,1418506161,Video.Play,366.574,45,11
100,1469,...,,1387516,1418506193,Video.Pause,399.781,0,12
101,1758,...,,1387516,1418506260,Video.Play,399.781,67,12
102,337,...,,1387516,1418506263,Video.Pause,403.906,0,12
103,2620,...,,1387516,1418506274,Video.Play,403.906,11,12
104,949,...,,1387516,1418506331,Video.Pause,460.47900000000004,0,12
105,670,...,,1402323,1422970605,Video.Play,0.0,0,0
106,551,...,,1402323,1422970617,Video.Pause,16.4588,0,0
107,1249,...,,1402323,1422970650,Video.Play,16.4588,33,0
108,694,...,,1402323,1422970702,Video.Play,94.4945,0,2
109,1980,...,,1402323,1422970704,Video.Play,82.8713,0,2
110,1900,...,,1402323,1422970716,Video.Play,83.0441,0,2
111,2561,...,,1402323,1422970717,Video.Pause,67.0702,0,1
112,740,...,,1402323,1422970784,Video.Play,67.0702,67,1
113,2657,...,,1402323,1422970837,Video.Play,146.901,0,4
114,1672,...,,1402323,1422970869,Video.Pause,206.609,0,7
115,2019,...,,1402323,1422970896,Video.Play,206.609,27,7
116,2172,...,,1402323,1422971002,Video.Pause,365.481,0,11
117,118,...,,1402323,1422971060,Video.Play,365.481,58,11
118,2196,...,,1402323,1435242037,Video.Play,450.0,0,12
119,2445,...,,1402323,1435242040,Video.Play,54.0,0,1
120,1904,...,,1402323,1435242042,Video.Play,123.0,0,3
121,1331,...,,1402323,1435242044,Video.Play,125.67200000000001,0,4
122,846,...,,1402323,1435242046,Video.Play,225.0,0,8
123,749,...,,1402323,1435242048,Video.Play,309.0,0,9
124,606,...,,1402323,1435242050,Video.Play,372.0,0,11
125,2647,...,,1402323,1435242052,Video.Play,432.0,0,12
126,1772,...,,1756639,1429455201,Video.Play,0.0,0,0
127,976,...,,1756639,1429455415,Video.Play,162.0,0,5
128,34,...,,1756639,1429455416,Video.Play,137.0,0,4
129,2150,...,,1756639,1429455419,Video.Play,139.90200000000002,0,4
130,1640,...,,1756639,1429455536,Video.Play,205.0,0,7
131,651,...,,1756639,1429455744,Video.Play,393.0,0,12
132,1493,...,,1756639,1429455746,Video.Play,372.0,0,11
133,1485,...,,1756639,1429455757,Video.Play,353.0,0,10
134,172,...,,1756639,1429455760,Video.Play,323.0,0,9
135,2050,...,,1756639,1429455763,Video.Play,296.0,0,9
136,204,...,,1756639,1429455765,Video.Play,270.0,0,8
137,1226,...,,1756639,1429455770,Video.Play,236.0,0,8
138,1539,...,,1756639,1429455773,Video.Play,209.0,0,8
139,1924,...,,1756639,1429455776,Video.Play,188.0,0,6
140,1284,...,,1756639,1429455784,Video.Pause,195.14,0,7
141,423,...,,1756639,1429456047,Video.Play,71.0,0,1
142,2474,...,,1756639,1429456063,Video.Play,237.0,0,8
143,2137,...,,1756639,1429456110,Video.Play,382.0,0,11
144,416,...,,1756639,1429456115,Video.Pause,387.38599999999997,0,11
145,1168,...,,1756639,1429456630,Video.Play,387.38599999999997,515,11
146,1876,...,,1756639,1429456632,Video.Play,336.0,0,10
147,2527,...,,1756639,1429456757,Video.Pause,460.67800000000005,0,12
148,339,...,,1756639,1431698420,Video.Play,0.0,0,0
149,1085,...,,1756639,1431698425,Video.Play,5.18179,0,0
150,1725,...,,1756639,1431698436,Video.Play,111.83,0,2
151,954,...,,1756639,1431698440,Video.Play,155.04399999999998,0,4
152,279,...,,1756639,1431698537,Video.Pause,296.323,0,9
153,690,...,,2018150,1418315039,Video.Play,0.0,0,0
154,1183,...,,2018150,1418315501,Video.Pause,460.55800000000005,0,12
155,174,...,,2154727,1430252215,Video.Play,0.0,0,0
156,580,...,,2154727,1430252215,Video.Play,0.0,0,0
157,2206,...,,2173341,1478433937,Video.Play,0.0025,0,0
158,258,...,,2173341,1478434306,Video.Pause,460.67699999999996,0,12
159,2384,...,,2292099,1463989734,Video.Play,0.0,0,0
160,1221,...,,2292099,1463990102,Video.Pause,460.55,0,12
161,2257,...,,2304551,1453138112,Video.Play,0.0,0,0
162,2673,...,,2304551,1453138113,Video.Play,0.0,0,0
163,869,...,,2304551,1453138575,Video.Pause,460.72,0,12
164,1481,...,,2304551,1453138586,Video.Play,460.801,0,12
165,1781,...,,2304551,1453138587,Video.Play,457.0,0,12
166,1872,...,,2304551,1453138588,Video.Play,456.0,0,12
167,1166,...,,2304551,1453138590,Video.Play,453.0,0,12
168,1515,...,,2304551,1453138593,Video.Play,451.0,0,12
169,35,...,,2304551,1453138595,Video.Play,447.0,0,12
170,1020,...,,2304551,1453138596,Video.Play,444.0,0,12
171,561,...,,2304551,1453138606,Video.Pause,452.681,0,12
172,2339,...,,2304551,1453138619,Video.Play,453.186,0,12
173,1139,...,,2323976,1457779649,Video.Play,0.0,0,0
174,935,...,,2324990,1419014822,Video.Play,0.0,0,0
175,1310,...,,2324990,1419014828,Video.Play,36.0,0,1
176,178,...,,2324990,1419014832,Video.Play,101.0,0,2
177,2618,...,,2324990,1419014840,Video.Play,157.0,0,4
178,1978,...,,2324990,1419014844,Video.Play,199.0,0,7
179,1142,...,,2324990,1419014851,Video.Play,251.0,0,8
180,1951,...,,2324990,1419014998,Video.Play,397.07800000000003,0,12
181,815,...,,2324990,1419014999,Video.Play,396.787,0,12
182,975,...,,2324990,1419015000,Video.Play,395.0,0,12
183,2034,...,,2324990,1419015000,Video.Play,395.0,0,12
184,989,...,,2324990,1419015001,Video.Play,393.0,0,12
185,1324,...,,2324990,1419015002,Video.Play,391.0,0,12
186,2190,...,,2324990,1419015002,Video.Play,392.0,0,12
187,1656,...,,2324990,1419015003,Video.Play,390.24300000000005,0,12
188,1817,...,,2324990,1419015003,Video.Play,390.0,0,12
189,2492,...,,2324990,1419015004,Video.Play,389.851,0,12
190,1567,...,,2324990,1419015006,Video.Pause,387.725,0,12
191,1248,...,,2324990,1419015008,Video.Pause,361.0,0,11
192,1521,...,,2324990,1419015008,Video.Play,361.0,0,11
193,1000,...,,2324990,1419015012,Video.Pause,364.147,0,11
194,1731,...,,2324990,1419015015,Video.Play,331.0,0,9
195,2078,...,,2324990,1419017278,Video.Play,0.0,0,0
196,5,...,,2324990,1419017282,Video.Play,164.0,0,5
197,1931,...,,2324990,1419017283,Video.Play,182.0,0,6
198,47,...,,2324990,1419017286,Video.Play,205.0,0,7
199,2532,...,,2332282,1430243208,Video.Play,0.0,0,0
200,611,...,,2332282,1430243213,Video.Play,68.24,0,1
201,2440,...,,2391317,1418238617,Video.Play,0.0,0,0
202,1363,...,,2391317,1418238627,Video.Pause,9.71148,0,0
203,327,...,,2391317,1418238627,Video.Play,9.71148,0,0
204,601,...,,2391317,1418238806,Video.Play,177.50599999999997,0,6
205,2220,...,,2391317,1418238806,Video.Play,177.12,0,6
206,2169,...,,2391317,1418239030,Video.Play,365.04,0,11
207,2199,...,,2391317,1418239063,Video.Play,398.13599999999997,0,12
208,2244,...,,2391317,1418239125,Video.Play,420.3,0,12
209,2531,...,,2391317,1418239165,Video.Pause,460.731,0,12
210,418,...,,2391317,1418324590,Video.Play,152.6,0,4
211,1710,...,,2391317,1418324594,Video.Play,152.6,0,4
212,1943,...,,2391317,1418324596,Video.Pause,154.428,0,4
213,1791,...,,2391317,1418324614,Video.Play,154.571,0,4
214,2493,...,,2391317,1418324614,Video.Play,154.428,0,4
215,2072,...,,2391317,1418324635,Video.Play,173.364,0,6
216,693,...,,2391317,1418324637,Video.Play,383.25,0,11
217,2298,...,,2391317,1418324641,Video.Play,198.88099999999997,0,7
218,141,...,,2391317,1418324653,Video.Play,163.673,0,5
219,435,...,,2391317,1418324659,Video.Pause,387.009,0,11
220,1709,...,,2391317,1418325084,Video.Play,375.09,0,11
221,2592,...,,2391317,1418325087,Video.Play,377.284,0,11
222,1893,...,,2391317,1418325109,Video.Pause,387.024,0,11
223,415,...,,2391317,1418978357,Video.Play,2.0,0,0
224,987,...,,2391317,1418978358,Video.Pause,3.455,0,0
225,1270,...,,2391317,1418978361,Video.Play,3.455,3,0
226,1267,...,,2391317,1418978367,Video.Play,8.008,0,0
227,2343,...,,2391317,1418978419,Video.Pause,52.021,0,1
228,1886,...,,2391317,1418978453,Video.Play,52.021,34,1
229,557,...,,2391317,1418978495,Video.Pause,94.072,0,2
230,1295,...,,2391317,1418978507,Video.Play,94.072,12,2
231,111,...,,2391317,1418978575,Video.Pause,161.931,0,5
232,1096,...,,2391317,1418978596,Video.Play,161.931,21,5
233,1652,...,,2391317,1418978894,Video.Pause,459.131,0,12
234,1023,...,,2391317,1418979003,Video.Pause,449.0,0,12
235,2270,...,,2391317,1418979003,Video.Pause,449.0,0,12
236,235,...,,2391317,1418979005,Video.Pause,437.0,0,12
237,2264,...,,2391317,1418979005,Video.Pause,437.0,0,12
238,106,...,,2391317,1418979007,Video.Pause,422.0,0,12
239,2411,...,,2391317,1418979007,Video.Pause,422.0,0,12
240,1040,...,,2391317,1418979012,Video.Pause,329.0,0,9
241,1403,...,,2391317,1418979012,Video.Pause,329.0,0,9
242,305,...,,2391317,1418979015,Video.Pause,280.0,0,9
243,2522,...,,2391317,1418979015,Video.Pause,280.0,0,9
244,1086,...,,2391317,1418979017,Video.Pause,243.0,0,8
245,1271,...,,2391317,1418979017,Video.Pause,243.0,0,8
246,1090,...,,2391317,1418979060,Video.Pause,132.0,0,4
247,1990,...,,2391317,1418979060,Video.Pause,132.0,0,4
248,136,...,,2391317,1418979063,Video.Pause,42.0,0,1
249,1919,...,,2391317,1418979063,Video.Pause,42.0,0,1
250,2543,...,,2391317,1418979073,Video.Pause,62.0,0,1
251,1530,...,,2391317,1418979074,Video.Pause,62.0,0,1
252,742,...,,2391317,1418979075,Video.Pause,84.0,0,2
253,634,...,,2391317,1418979076,Video.Pause,84.0,0,2
254,1779,...,,2391317,1418979077,Video.Pause,109.0,0,2
255,2018,...,,2391317,1418979077,Video.Pause,109.0,0,2
256,988,...,,2391317,1418979080,Video.Pause,133.0,0,4
257,2370,...,,2391317,1418979080,Video.Pause,133.0,0,4
258,381,...,,2391317,1418979086,Video.Pause,165.0,0,5
259,2004,...,,2391317,1418979087,Video.Pause,165.0,0,5
260,1885,...,,2391317,1418979092,Video.Pause,66.0,0,1
261,509,...,,2391317,1418979093,Video.Pause,66.0,0,1
262,1387,...,,2391317,1418979195,Video.Pause,129.0,0,4
263,1730,...,,2391317,1418979195,Video.Pause,129.0,0,4
264,576,...,,2391317,1418979221,Video.Pause,165.0,0,5
265,1953,...,,2391317,1418979222,Video.Pause,165.0,0,5
266,1116,...,,2391317,1418979227,Video.Pause,194.0,0,6
267,1783,...,,2391317,1418979227,Video.Pause,194.0,0,6
268,560,...,,2391317,1418979229,Video.Pause,221.0,0,8
269,1825,...,,2391317,1418979229,Video.Pause,221.0,0,8
270,209,...,,2391317,1418979231,Video.Pause,210.0,0,8
271,434,...,,2391317,1418979231,Video.Pause,210.0,0,8
272,404,...,,2391317,1418979235,Video.Pause,198.0,0,7
273,1927,...,,2391317,1418979235,Video.Pause,198.0,0,7
274,1749,...,,2391317,1418979450,Video.Play,198.0,215,7
275,658,...,,2391317,1418979453,Video.Play,280.0,0,9
276,796,...,,2391317,1418979456,Video.Play,339.0,0,10
277,1522,...,,2391317,1418979461,Video.Pause,343.858,0,10
278,2006,...,,2391317,1418979522,Video.Play,343.858,61,10
279,843,...,,2391317,1418979523,Video.Pause,345.504,0,10
280,1477,...,,2471126,1465220166,Video.Play,0.0,0,0
281,637,...,,2619147,1418068436,Video.Play,0.0,0,0
282,98,...,,2619147,1418068437,Video.Play,0.0,0,0
283,1962,...,,2619147,1418068668,Video.Pause,460.551,0,12
284,950,...,,2627087,1486961124,Video.Pause,386.531,0,11
285,2049,...,,2627087,1486961475,Video.Play,386.63699999999994,0,11
286,571,...,,2627087,1486961524,Video.Pause,460.82599999999996,0,12
287,1370,...,,2641142,1418044693,Video.Play,0.0,0,0
288,698,...,,2641142,1418044770,Video.Pause,77.193,0,1
289,1665,...,,2641142,1418044781,Video.Play,77.193,11,1
290,206,...,,2641142,1418044956,Video.Pause,252.174,0,8
291,1126,...,,2641142,1418045052,Video.Play,252.174,96,8
292,299,...,,2641142,1418045260,Video.Pause,460.595,0,12
293,1789,...,,2844183,1418581639,Video.Play,0.0,0,0
294,2022,...,,2844183,1418581640,Video.Pause,0.04653,0,0
295,77,...,,2844183,1418581640,Video.Play,0.0,0,0
296,1533,...,,2844183,1418581660,Video.Play,0.04653,0,0
297,715,...,,2844183,1418581661,Video.Play,0.04653,0,0
298,1644,...,,2844183,1418581822,Video.Pause,241.21400000000003,0,8
299,2349,...,,2844183,1418581848,Video.Play,241.21400000000003,26,8
300,2165,...,,2844183,1418581851,Video.Play,241.373,0,8
301,1033,...,,2844183,1418581957,Video.Pause,398.25199999999995,0,12
302,1024,...,,2844183,1418581958,Video.Play,398.25199999999995,1,12
303,1666,...,,2844183,1418581964,Video.Play,406.973,0,12
304,313,...,,2844183,1418581966,Video.Play,356.37300000000005,0,10
305,613,...,,2856743,1418664449,Video.Play,0.0,0,0
306,1321,...,,2856743,1418664500,Video.Pause,50.3454,0,1
307,716,...,,2856743,1418664602,Video.Play,50.3454,102,1
308,234,...,,2856743,1418664631,Video.Pause,79.5216,0,1
309,1833,...,,2856743,1418664795,Video.Play,79.5216,164,1
310,1942,...,,2856743,1418665039,Video.Play,323.387,0,9
311,1225,...,,2856743,1418665040,Video.Play,331.708,0,9
312,1914,...,,2856743,1418665043,Video.Play,344.704,0,10
313,113,...,,2856743,1418665111,Video.Play,423.153,0,12
314,1594,...,,2856743,1418665113,Video.Play,416.051,0,12
315,2086,...,,2856743,1418665169,Video.Pause,460.588,0,12
316,1952,...,,2899518,1458612227,Video.Play,0.0,0,0
317,1626,...,,2899518,1458612279,Video.Pause,90.1674,0,2
318,2458,...,,2899518,1458612308,Video.Play,74.0,0,1
319,1635,...,,2899518,1458612405,Video.Pause,276.276,0,9
320,383,...,,2899518,1458612428,Video.Play,273.0,0,8
321,2281,...,,2967393,1418725112,Video.Play,0.0,0,0
322,86,...,,2967393,1418725132,Video.Pause,29.7015,0,1
323,657,...,,2967393,1418725189,Video.Play,29.7015,57,1
324,852,...,,2967393,1418725280,Video.Pause,165.93,0,5
325,1253,...,,2967393,1418725348,Video.Play,165.93,68,5
326,2015,...,,2967393,1418725357,Video.Pause,180.21,0,6
327,1164,...,,2967393,1418725377,Video.Play,180.21,20,6
328,714,...,,2967393,1418725390,Video.Pause,200.01,0,7
329,2693,...,,2967393,1418725416,Video.Play,200.01,26,7
330,979,...,,2967393,1418725590,Video.Pause,460.74,0,12
331,913,...,,3224156,1420751360,Video.Play,0.0,0,0
332,1911,...,,3224156,1420751361,Video.Play,0.0,0,0
333,1525,...,,3224156,1420751668,Video.Pause,460.534,0,12
334,1801,...,,3401655,1418466713,Video.Play,0.0,0,0
335,2486,...,,3401655,1418466761,Video.Pause,49.76,0,1
336,2629,...,,3401655,1418466765,Video.Play,49.76,4,1
337,1374,...,,3401655,1418466776,Video.Pause,60.5211,0,1
338,1782,...,,3401655,1418466801,Video.Play,60.5211,25,1
339,2127,...,,3401655,1418466809,Video.Pause,69.4397,0,1
340,1528,...,,3401655,1418466818,Video.Play,69.4397,9,1
341,230,...,,3401655,1418466824,Video.Pause,75.2417,0,1
342,243,...,,3401655,1418466858,Video.Pause,53.208,0,1
343,134,...,,3401655,1418466862,Video.Play,53.208,4,1
344,734,...,,3401655,1418466870,Video.Pause,60.84,0,1
345,2550,...,,3401655,1418466872,Video.Play,60.84,2,1
346,2311,...,,3401655,1418466877,Video.Pause,64.56,0,1
347,1410,...,,3401655,1418466901,Video.Play,64.56,24,1
348,1394,...,,3401655,1418466910,Video.Play,73.84,0,1
349,2597,...,,3401655,1418466938,Video.Pause,80.12,0,1
350,607,...,,3401655,1418466942,Video.Pause,70.98,0,1
351,771,...,,3401655,1418466946,Video.Play,70.98,4,1
352,90,...,,3401655,1418466947,Video.Pause,71.5613,0,1
353,2651,...,,3401655,1418466952,Video.Play,71.5613,5,1
354,2369,...,,3401655,1418466960,Video.Pause,79.8004,0,1
355,2319,...,,3401655,1418467001,Video.Play,79.8004,41,1
356,1175,...,,3401655,1418467022,Video.Pause,100.8,0,2
357,376,...,,3401655,1418467032,Video.Play,100.8,10,2
358,1836,...,,3401655,1418467037,Video.Pause,106.08,0,2
359,1386,...,,3401655,1418467042,Video.Play,106.08,5,2
360,2613,...,,3401655,1418467046,Video.Play,110.48,0,2
361,460,...,,3401655,1418467050,Video.Play,105.4,0,2
362,483,...,,3401655,1418467052,Video.Play,83.5196,0,2
363,1128,...,,3401655,1418467054,Video.Play,77.44,0,1
364,677,...,,3401655,1418467075,Video.Play,98.0006,0,2
365,2418,...,,3401655,1418467086,Video.Pause,97.4808,0,2
366,195,...,,3401655,1418467110,Video.Play,97.4808,24,2
367,574,...,,3401655,1418467140,Video.Play,127.68,0,4
368,261,...,,3401655,1418467141,Video.Play,127.20100000000001,0,4
369,1211,...,,3401655,1418467144,Video.Pause,118.561,0,3
370,301,...,,3401655,1418467274,Video.Play,118.561,130,3
371,1380,...,,3401655,1418467363,Video.Pause,207.52,0,7
372,154,...,,3401655,1418467363,Video.Play,207.52,0,7
373,284,...,,3401655,1418467364,Video.Pause,208.4,0,8
374,1229,...,,3401655,1418467366,Video.Pause,205.17,0,7
375,393,...,,3401655,1418467368,Video.Pause,199.14,0,7
376,2252,...,,3401655,1418467394,Video.Play,199.14,26,7
377,565,...,,3401655,1418467405,Video.Pause,209.28099999999998,0,8
378,839,...,,3401655,1418467464,Video.Pause,208.12,0,8
379,2510,...,,3401655,1418467465,Video.Play,208.12,1,8
380,537,...,,3401655,1418467470,Video.Pause,213.44099999999997,0,8
381,2300,...,,3401655,1418467474,Video.Pause,208.12,0,8
382,2691,...,,3401655,1418467477,Video.Play,208.12,3,8
383,2191,...,,3401655,1418467482,Video.Pause,213.081,0,8
384,2076,...,,3401655,1418467508,Video.Play,213.081,26,8
385,2229,...,,3401655,1418467548,Video.Pause,252.76,0,8
386,2498,...,,3401655,1418468594,Video.Pause,221.76,0,8
387,1171,...,,3401655,1418468598,Video.Pause,208.12,0,8
388,528,...,,3401655,1418468599,Video.Pause,199.14,0,7
389,567,...,,3401655,1418468601,Video.Play,199.14,2,7
390,1483,...,,3401655,1418468613,Video.Play,210.48,0,8
391,1967,...,,3401655,1418468642,Video.Pause,214.16,0,8
392,1852,...,,3401655,1418468665,Video.Play,214.16,23,8
393,165,...,,3401655,1418468703,Video.Pause,252.12,0,8
394,983,...,,3401655,1418468722,Video.Play,252.12,19,8
395,2562,...,,3401655,1418468747,Video.Pause,276.241,0,9
396,2166,...,,3401655,1418468750,Video.Pause,267.87,0,8
397,6,...,,3401655,1418468751,Video.Play,267.87,1,8
398,738,...,,3401655,1418468757,Video.Pause,273.481,0,8
399,1038,...,,3401655,1418468790,Video.Play,273.481,33,8
400,145,...,,3401655,1418468852,Video.Pause,335.561,0,10
401,1037,...,,3401655,1418468869,Video.Play,335.561,17,10
402,59,...,,3401655,1418468877,Video.Pause,344.481,0,10
403,1286,...,,3401655,1418468902,Video.Play,344.481,25,10
404,2497,...,,3401655,1418468918,Video.Pause,360.44,0,11
405,2682,...,,3401655,1418468918,Video.Play,360.44,0,11
406,1875,...,,3401655,1418468949,Video.Play,380.69,0,11
407,13,...,,3401655,1418468950,Video.Pause,381.64,0,11
408,1230,...,,3401655,1418468975,Video.Play,381.64,25,11
409,1193,...,,3401655,1418469007,Video.Pause,414.0,0,12
410,2437,...,,3401655,1418469020,Video.Play,414.0,13,12
411,152,...,,3401655,1418469021,Video.Pause,415.281,0,12
412,1888,...,,3401655,1418469025,Video.Play,415.281,4,12
413,88,...,,3401655,1418469068,Video.Pause,458.881,0,12
414,1431,...,,3401655,1418469073,Video.Pause,456.0,0,12
415,1369,...,,3401655,1418469075,Video.Play,456.0,2,12
416,1379,...,,3401655,1418469076,Video.Pause,456.559,0,12
417,186,...,,3401655,1418469077,Video.Pause,457.24,0,12
418,1305,...,,3401655,1418469077,Video.Play,456.559,0,12
419,1850,...,,3401655,1418469083,Video.Pause,457.8,0,12
420,882,...,,3401655,1418469083,Video.Play,457.8,0,12
421,936,...,,3401655,1418469083,Video.Play,457.24,0,12
422,1969,...,,3401655,1418469084,Video.Pause,458.96,0,12
423,1030,...,,3401655,1418469183,Video.Pause,456.0,0,12
424,2529,...,,3401655,1418469185,Video.Play,456.0,2,12
425,147,...,,3401655,1418469186,Video.Pause,456.28,0,12
426,1563,...,,3401655,1418469187,Video.Play,456.28,1,12
427,444,...,,3401655,1418469188,Video.Pause,457.08,0,12
428,1445,...,,3401655,1418469353,Video.Play,457.08,165,12
429,283,...,,3401655,1418469356,Video.Pause,460.681,0,12
430,338,...,,3481205,1418986510,Video.Play,0.0,0,0
431,1458,...,,3481205,1418986512,Video.Play,56.0,0,1
432,729,...,,3481205,1418986519,Video.Play,65.6855,0,1
433,646,...,,3481205,1418986540,Video.Play,111.227,0,2
434,1424,...,,3481205,1418986558,Video.Play,163.326,0,5
435,1174,...,,3481205,1418986572,Video.Play,208.42700000000002,0,8
436,1,...,,3481205,1418986655,Video.Pause,364.755,0,11
437,424,...,,3626986,1439403632,Video.Play,0.12,0,0
438,2588,...,,3626986,1439403638,Video.Pause,271.48,0,8
439,45,...,,4083281,1418063786,Video.Play,0.0,0,0
440,1179,...,,4083281,1418063789,Video.Play,107.0,0,2
441,1905,...,,4083281,1418063792,Video.Play,207.0,0,7
442,838,...,,4200631,1436822051,Video.Play,0.0,0,0
443,226,...,,4200631,1436822054,Video.Play,36.0,0,1
444,1648,...,,4200631,1436822060,Video.Play,74.0,0,1
445,2249,...,,4200631,1436822061,Video.Play,74.521,0,1
446,1983,...,,4200631,1436822343,Video.Pause,460.46,0,12
447,2180,...,,4607564,1424597059,Video.Play,0.0,0,0
448,854,...,,4607564,1424597062,Video.Pause,1.98075,0,0
449,346,...,,4643388,1485978896,Video.Play,0.001,0,0
450,703,...,,5067511,1469713329,Video.Play,0.022167,0,0
451,2077,...,,5068024,1418766654,Video.Play,0.0,0,0
452,1596,...,,5068024,1418767116,Video.Pause,460.621,0,12
453,516,...,,5104435,1471857120,Video.Play,0.014168,0,0
454,335,...,,5107776,1427681031,Video.Play,0.0,0,0
455,1471,...,,5107776,1427681068,Video.Pause,73.762,0,1
456,1601,...,,5107776,1427681094,Video.Play,73.762,26,1
457,668,...,,5107776,1427681095,Video.Pause,75.16,0,1
458,1907,...,,5107776,1427681177,Video.Play,75.16,82,1
459,1333,...,,5107776,1427681201,Video.Pause,124.0,0,3
460,2699,...,,5107776,1427681229,Video.Play,111.0,0,2
461,2549,...,,5107776,1427681233,Video.Pause,117.762,0,3
462,1236,...,,5107776,1427681257,Video.Play,117.762,24,3
463,493,...,,5107776,1427681302,Video.Pause,207.88,0,7
464,41,...,,5107776,1427681314,Video.Play,207.88,12,7
465,345,...,,5107776,1427681347,Video.Pause,272.4,0,8
466,181,...,,5107776,1427681422,Video.Play,272.4,75,8
467,1582,...,,5107776,1427681465,Video.Pause,359.962,0,11
468,1960,...,,5107776,1427681486,Video.Play,359.962,21,11
469,340,...,,5107776,1427681518,Video.Pause,423.202,0,12
470,1302,...,,5107776,1427681547,Video.Play,423.202,29,12
471,713,...,,5107776,1427681553,Video.Pause,435.44,0,12
472,1657,...,,5107776,1427681569,Video.Play,435.44,16,12
473,2439,...,,5107776,1427681579,Video.Pause,455.16,0,12
474,1561,...,,5107776,1427681604,Video.Play,455.16,25,12
475,2518,...,,5107776,1427681608,Video.Pause,460.48,0,12
476,709,...,,5207723,1440013616,Video.Pause,0.8190000000000001,0,0
477,2094,...,,5207723,1440013616,Video.Play,0.0,0,0
478,139,...,,5207723,1440013617,Video.Play,0.0,0,0
479,1891,...,,5207723,1440013916,Video.Pause,299.631,0,9
480,1628,...,,5207723,1440014177,Video.Play,297.77099999999996,0,9
481,462,...,,5284534,1421160287,Video.Play,0.0,0,0
482,669,...,,5304717,1418828383,Video.Play,0.0,0,0
483,1859,...,,5304717,1418828392,Video.Pause,10.3938,0,0
484,1519,...,,5304717,1418828487,Video.Play,10.3938,95,0
485,906,...,,5304717,1418828718,Video.Play,314.43,0,9
486,130,...,,5304717,1418828726,Video.Play,331.07,0,9
487,1650,...,,5304717,1418828771,Video.Pause,387.314,0,11
488,1281,...,,5304717,1418828774,Video.Play,387.314,3,11
489,1052,...,,5304717,1418828781,Video.Pause,396.414,0,12
490,2521,...,,5304717,1418828790,Video.Play,396.414,9,12
491,82,...,,5304717,1418828809,Video.Pause,419.764,0,12
492,2593,...,,5304717,1418828821,Video.Play,419.764,12,12
493,1571,...,,5304717,1418828853,Video.Pause,460.491,0,12
494,1415,...,,5304717,1418828856,Video.Play,420.3,0,12
495,1819,...,,5304717,1418828857,Video.Play,420.3,0,12
496,1349,...,,5304717,1418828863,Video.Play,406.88,0,12
497,2232,...,,5304717,1418828866,Video.Play,380.69,0,11
498,2456,...,,5304717,1418828869,Video.Play,384.786,0,11
499,962,...,,5304717,1418828872,Video.Play,390.681,0,12
500,733,...,,5304717,1418828875,Video.Play,339.61,0,10
501,2235,...,,5304717,1418828880,Video.Play,314.43,0,9
502,2414,...,,5304717,1418828881,Video.Play,315.976,0,9
503,374,...,,5304717,1418828885,Video.Play,267.87,0,8
504,1690,...,,5304717,1418828890,Video.Play,250.77,0,8
505,349,...,,5304717,1418828893,Video.Play,235.53,0,8
506,473,...,,5350838,1418648760,Video.Play,0.0,0,0
507,238,...,,5350838,1418649129,Video.Pause,460.658,0,12
508,679,...,,5406425,1458119505,Video.Play,0.0,0,0
509,2132,...,,5406425,1458119527,Video.Pause,0.675,0,0
510,37,...,,5406425,1458119528,Video.Play,1.475,0,0
511,1287,...,,5530597,1418247619,Video.Play,0.0,0,0
512,377,...,,5530597,1418247988,Video.Pause,460.582,0,12
513,886,...,,5537459,1418087488,Video.Play,0.0,0,0
514,309,...,,5537459,1418087775,Video.Play,429.418,0,12
515,1557,...,,5537459,1418087787,Video.Play,422.849,0,12
516,1076,...,,5537459,1418087827,Video.Pause,460.349,0,12
517,793,...,,5537459,1418087833,Video.Play,402.0,0,12
518,2,...,,5537459,1418087834,Video.Play,431.0,0,12
519,2476,...,,5537459,1418087854,Video.Pause,460.548,0,12
520,899,...,,5539150,1418296828,Video.Play,0.0,0,0
521,833,...,,5539150,1418296860,Video.Pause,31.6955,0,1
522,1004,...,,5539150,1418303187,Video.Play,31.6955,6327,1
523,262,...,,5539150,1418303210,Video.Pause,56.8692,0,1
524,244,...,,5539150,1418303241,Video.Play,56.8692,31,1
525,2656,...,,5539150,1418303294,Video.Pause,109.32799999999999,0,2
526,491,...,,5539150,1418303357,Video.Play,109.32799999999999,63,2
527,1977,...,,5539150,1418303382,Video.Pause,123.509,0,3
528,2607,...,,5539150,1418303382,Video.Play,134.378,0,4
529,26,...,,5539150,1418303417,Video.Play,123.509,0,3
530,449,...,,5539150,1418303476,Video.Pause,181.615,0,6
531,578,...,,5539150,1418303480,Video.Play,181.615,4,6
532,2168,...,,5539150,1418303500,Video.Pause,201.81099999999998,0,7
533,375,...,,5539150,1418303606,Video.Play,201.81099999999998,106,7
534,798,...,,5585181,1418397694,Video.Play,0.0,0,0
535,2233,...,,5585181,1418398155,Video.Pause,460.6,0,12
536,2303,...,,5610553,1424085273,Video.Play,0.0,0,0
537,232,...,,5610553,1424085299,Video.Play,40.0,0,1
538,1272,...,,5610553,1424085300,Video.Play,63.0,0,1
539,1769,...,,5610553,1424085302,Video.Play,80.0,0,1
540,208,...,,5610553,1424085306,Video.Play,98.0,0,2
541,2288,...,,5610553,1424085308,Video.Play,119.0,0,3
542,371,...,,5610553,1424085310,Video.Play,143.0,0,4
543,673,...,,5610553,1424085313,Video.Play,168.0,0,5
544,20,...,,5610553,1424085314,Video.Play,186.0,0,6
545,2055,...,,5610553,1424085317,Video.Play,212.0,0,8
546,2422,...,,5610553,1424085325,Video.Play,233.0,0,8
547,980,...,,5610553,1424085326,Video.Play,257.0,0,8
548,813,...,,5610553,1424085327,Video.Play,298.0,0,9
549,2494,...,,5610553,1424085329,Video.Play,331.0,0,9
550,1304,...,,5610553,1424085331,Video.Play,355.0,0,10
551,2100,...,,5610553,1424085332,Video.Play,400.0,0,12
552,767,...,,5610553,1424085372,Video.Pause,439.64,0,12
553,1109,...,,5611071,1418985722,Video.Play,0.0,0,0
554,1716,...,,5611071,1418985725,Video.Play,0.0,0,0
555,1233,...,,5611071,1418986033,Video.Pause,460.293,0,12
556,1280,...,,5620189,1418773274,Video.Play,0.0,0,0
557,1411,...,,5637392,1418321329,Video.Play,0.0,0,0
558,1682,...,,5637392,1418321330,Video.Play,0.0,0,0
559,2313,...,,5637392,1418321332,Video.Pause,1.0812,0,0
560,2450,...,,5637392,1418321403,Video.Play,1.0812,71,0
561,1939,...,,5637392,1418321422,Video.Pause,20.2128,0,1
562,28,...,,5637392,1418321778,Video.Play,20.2128,356,1
563,1496,...,,5637392,1418321840,Video.Pause,82.4689,0,2
564,2198,...,,5637392,1418321902,Video.Play,82.4689,62,2
565,1808,...,,5637392,1418321916,Video.Pause,96.6062,0,2
566,559,...,,5637392,1418321922,Video.Play,96.6062,6,2
567,1950,...,,5637392,1418321945,Video.Pause,119.51299999999999,0,3
568,1140,...,,5637392,1418321987,Video.Play,119.51299999999999,42,3
569,293,...,,5637392,1418321998,Video.Pause,131.6,0,4
570,3,...,,5637392,1418322058,Video.Play,131.6,60,4
571,2605,...,,5637392,1418322088,Video.Pause,161.858,0,5
572,751,...,,5637392,1418322143,Video.Play,161.858,55,5
573,1446,...,,5637392,1418322161,Video.Pause,167.141,0,5
574,202,...,,5637392,1418322189,Video.Play,167.141,28,5
575,405,...,,5637392,1418322195,Video.Pause,172.015,0,6
576,1499,...,,5637392,1418322237,Video.Play,172.015,42,6
577,2509,...,,5637392,1418322264,Video.Pause,198.83,0,7
578,2179,...,,5637392,1418322352,Video.Play,198.83,88,7
579,2136,...,,5637392,1418322364,Video.Pause,210.968,0,8
580,617,...,,5637392,1418322526,Video.Play,210.968,162,8
581,395,...,,5637392,1418322587,Video.Pause,270.879,0,8
582,292,...,,5637392,1418322637,Video.Play,270.879,50,8
583,1906,...,,5637392,1418322665,Video.Pause,298.447,0,9
584,1591,...,,5637392,1418322675,Video.Play,298.447,10,9
585,455,...,,5637392,1418322714,Video.Pause,337.125,0,10
586,2120,...,,5637392,1418322747,Video.Play,337.125,33,10
587,2451,...,,5637392,1418322772,Video.Pause,361.51,0,11
588,1569,...,,5637392,1418322806,Video.Play,361.51,34,11
589,1869,...,,5637392,1418322835,Video.Pause,389.869,0,12
590,2174,...,,5637392,1418322923,Video.Play,389.869,88,12
591,1589,...,,5637392,1418322960,Video.Pause,427.148,0,12
592,1234,...,,5637392,1418322971,Video.Play,427.148,11,12
593,759,...,,5637392,1418323005,Video.Pause,460.63699999999994,0,12
594,723,...,,5642190,1418907145,Video.Play,0.0,0,0
595,875,...,,5642190,1418907606,Video.Pause,460.64099999999996,0,12
596,121,...,,5648784,1418809408,Video.Play,0.0,0,0
597,1566,...,,5648784,1418809477,Video.Play,67.6047,0,1
598,1213,...,,5648784,1418809898,Video.Pause,460.536,0,12
599,1401,...,,5682227,1419061020,Video.Play,0.0,0,0
600,2147,...,,5682227,1419061022,Video.Play,27.0,0,1
601,1138,...,,5682227,1419061024,Video.Play,56.0,0,1
602,1258,...,,5682227,1419061024,Video.Play,56.0,0,1
603,66,...,,5682227,1419061025,Video.Play,101.0,0,2
604,1958,...,,5682227,1419061032,Video.Play,111.197,0,2
605,520,...,,5682227,1419061044,Video.Play,154.407,0,4
606,133,...,,5682227,1419061081,Video.Play,222.297,0,8
607,1375,...,,5682227,1419061087,Video.Play,247.89700000000002,0,8
608,2282,...,,5682227,1419061089,Video.Play,262.797,0,8
609,1632,...,,5682227,1419061090,Video.Play,291.0,0,9
610,1913,...,,5682227,1419061105,Video.Play,312.087,0,9
611,2135,...,,5893686,1421146119,Video.Play,0.0,0,0
612,132,...,,5893686,1421146695,Video.Play,0.0,0,0
613,2187,...,,6013226,1454482574,Video.Play,0.0,0,0
614,1079,...,,6013226,1454482612,Video.Pause,38.2711,0,1
615,1243,...,,6013226,1454482633,Video.Play,38.4999,0,1
616,1687,...,,6013226,1454482653,Video.Pause,55.4023,0,1
617,1778,...,,6013226,1454482669,Video.Play,55.5099,0,1
618,372,...,,6013226,1454482676,Video.Pause,62.4436,0,1
619,1854,...,,6013226,1454482725,Video.Play,62.5099,0,1
620,2553,...,,6013226,1454482734,Video.Pause,71.7128,0,1
621,2178,...,,6013226,1454482743,Video.Play,71.9499,0,1
622,928,...,,6013226,1454482756,Video.Pause,78.3854,0,1
623,1153,...,,6013226,1454482775,Video.Play,78.7416,0,1
624,2274,...,,6013226,1454482792,Video.Pause,95.2074,0,2
625,295,...,,6013226,1454482796,Video.Play,95.44,0,2
626,625,...,,6013226,1454482817,Video.Pause,116.38600000000001,0,3
627,824,...,,6013226,1454482856,Video.Play,116.69,0,3
628,23,...,,6013226,1454482864,Video.Pause,124.397,0,4
629,211,...,,6013226,1454482930,Video.Play,118.0,0,3
630,2557,...,,6013226,1454482947,Video.Pause,134.21200000000002,0,4
631,1831,...,,6013226,1454483933,Video.Play,134.4,0,4
632,2107,...,,6013226,1454483961,Video.Pause,162.881,0,5
633,251,...,,6013226,1454483982,Video.Play,163.13,0,5
634,402,...,,6013226,1454483989,Video.Pause,170.329,0,6
635,1279,...,,6013226,1454484025,Video.Play,170.61,0,6
636,2038,...,,6013226,1454484036,Video.Pause,181.07299999999998,0,6
637,2278,...,,6013226,1454484047,Video.Play,181.32,0,6
638,686,...,,6013226,1454484067,Video.Pause,200.53099999999998,0,7
639,2201,...,,6013226,1454484096,Video.Play,200.74,0,7
640,69,...,,6013226,1454484108,Video.Pause,213.717,0,8
641,2517,...,,6013226,1454484115,Video.Play,213.88,0,8
642,807,...,,6013226,1454484124,Video.Pause,221.604,0,8
643,214,...,,6013226,1454484166,Video.Play,221.88,0,8
644,2536,...,,6013226,1454484177,Video.Pause,232.57,0,8
645,2393,...,,6013226,1454484186,Video.Play,232.77,0,8
646,692,...,,6013226,1454484202,Video.Pause,249.486,0,8
647,647,...,,6013226,1454486054,Video.Pause,262.515,0,8
648,2005,...,,6013226,1454486085,Video.Play,262.79,0,8
649,1031,...,,6013226,1454486094,Video.Pause,271.49,0,8
650,102,...,,6013226,1454486150,Video.Play,271.76,0,8
651,351,...,,6013226,1454486153,Video.Pause,274.733,0,8
652,1512,...,,6013226,1454487189,Video.Play,274.82,0,8
653,608,...,,6013226,1454487196,Video.Pause,282.04900000000004,0,9
654,1823,...,,6013226,1454487212,Video.Play,282.28,0,9
655,908,...,,6013226,1454487250,Video.Pause,320.006,0,9
656,2175,...,,6013226,1454487270,Video.Play,320.39,0,9
657,2073,...,,6013226,1454487299,Video.Pause,348.841,0,10
658,190,...,,6013226,1454487311,Video.Play,349.13,0,10
659,200,...,,6013226,1454487330,Video.Pause,368.086,0,11
660,2346,...,,6013226,1454487341,Video.Play,368.35,0,11
661,2454,...,,6013226,1454487355,Video.Pause,381.801,0,11
662,2224,...,,6013226,1454487390,Video.Play,382.08,0,11
663,1681,...,,6013226,1454487427,Video.Pause,418.786,0,12
664,2491,...,,6013226,1454487438,Video.Play,410.59,0,12
665,124,...,,6013226,1454487441,Video.Pause,413.779,0,12
666,2373,...,,6013226,1454487455,Video.Play,414.05,0,12
667,1992,...,,6013226,1454487480,Video.Pause,437.994,0,12
668,1159,...,,6013226,1454487498,Video.Play,438.38,0,12
669,268,...,,6013226,1454487520,Video.Pause,460.819,0,12
670,2156,...,,6027759,1425396142,Video.Play,0.0,0,0
671,984,...,,6027759,1425396143,Video.Play,0.0,0,0
672,146,...,,6027759,1425396150,Video.Pause,6.16545,0,0
673,1288,...,,6027759,1425396150,Video.Pause,6.16545,0,0
674,814,...,,6469274,1460600312,Video.Play,0.0,0,0
675,218,...,,6469274,1460600314,Video.Pause,1.6031600000000001,0,0
676,1574,...,,6469274,1460600362,Video.Play,0.023,0,0
677,2155,...,,6469274,1460600409,Video.Pause,45.6174,0,1
678,755,...,,6469274,1460600824,Video.Play,45.7943,0,1
679,39,...,,6469274,1460600984,Video.Pause,210.26,0,8
680,2668,...,,6469274,1460601247,Video.Play,206.0,0,7
681,2026,...,,6469274,1460601269,Video.Pause,229.41,0,8
682,2632,...,,6469274,1460601382,Video.Play,229.61599999999999,0,8
683,430,...,,6469274,1460601427,Video.Pause,273.54200000000003,0,8
684,2053,...,,6469274,1460601468,Video.Play,273.682,0,8
685,2448,...,,6469274,1460601577,Video.Pause,379.629,0,11
686,187,...,,6469274,1460601633,Video.Play,379.691,0,11
687,1074,...,,6469274,1460601643,Video.Pause,389.52,0,12
688,2407,...,,6469274,1460601664,Video.Play,386.0,0,11
689,223,...,,6469274,1460601724,Video.Pause,444.066,0,12
690,568,...,,6469274,1460601774,Video.Play,444.292,0,12
691,570,...,,6469274,1460601792,Video.Pause,460.871,0,12
692,1260,...,,6647659,1473314992,Video.Play,0.003,0,0
693,765,...,,6647659,1473315325,Video.Pause,239.82,0,8
694,639,...,,6647659,1474286974,Video.Play,0.001,0,0
695,1815,...,,6647659,1474287622,Video.Pause,460.68800000000005,0,12
696,1700,...,,6647659,1474287622,Video.Play,103.0,0,2
697,16,...,,6647659,1474288147,Video.Pause,460.67699999999996,0,12
698,1032,...,,6758259,1458591946,Video.Pause,4.2392,0,0
699,1250,...,,6758259,1458592029,Video.Play,0.0,0,0
700,978,...,,6758259,1458592125,Video.Pause,95.7693,0,2
701,1674,...,,6758259,1458593085,Video.Play,100.12,0,2
702,2387,...,,6758259,1458593191,Video.Pause,207.78,0,7
703,642,...,,6758259,1458593265,Video.Play,207.88,0,7
704,1359,...,,6758259,1458593360,Video.Pause,305.286,0,9
705,1670,...,,6758259,1458593839,Video.Play,307.88,0,9
706,233,...,,6830719,1446365533,Video.Pause,0.0,0,0
707,1122,...,,6830719,1446365533,Video.Play,0.0,0,0
708,1404,...,,6830719,1446365534,Video.Play,0.0,0,0
709,2669,...,,6830719,1446365678,Video.Pause,408.278,0,12
710,7,...,,6907193,1429455518,Video.Play,0.0,0,0
711,2059,...,,6907193,1429455533,Video.Play,3.702,0,0
712,1627,...,,6907193,1429455536,Video.Play,3.983,0,0
713,29,...,,6907193,1429455603,Video.Pause,71.3404,0,1
714,1736,...,,6907193,1429455629,Video.Play,71.3404,26,1
715,940,...,,6907193,1429455636,Video.Play,78.1974,0,1
716,2603,...,,6907193,1429455642,Video.Play,99.738,0,2
717,2551,...,,6907193,1429455646,Video.Play,131.03799999999998,0,4
718,1896,...,,6907193,1429455648,Video.Play,167.31799999999998,0,5
719,609,...,,6907193,1429455652,Video.Play,202.458,0,7
720,448,...,,6907193,1429455657,Video.Play,248.718,0,8
721,1614,...,,6907193,1429455662,Video.Play,276.138,0,9
722,2713,...,,6907193,1429455667,Video.Play,328.73800000000006,0,9
723,1809,...,,6907193,1429455681,Video.Play,375.458,0,11
724,1439,...,,6907193,1429455689,Video.Play,422.43800000000005,0,12
725,614,...,,6907193,1429455691,Video.Play,443.858,0,12
726,1556,...,,6907193,1429455702,Video.Play,390.158,0,12
727,923,...,,6907193,1429455706,Video.Play,345.458,0,10
728,2056,...,,6907193,1429455739,Video.Pause,350.23800000000006,0,10
729,1425,...,,7126321,1439389041,Video.Play,0.0,0,0
730,409,...,,7126321,1439389113,Video.Pause,71.5318,0,1
731,1244,...,,7126321,1439389151,Video.Play,71.8301,0,1
732,451,...,,7126321,1439389160,Video.Pause,80.8157,0,2
733,2461,...,,7126321,1439389225,Video.Play,81.3064,0,2
734,1544,...,,7126321,1439389271,Video.Play,116.56,0,3
735,302,...,,7126321,1439389279,Video.Pause,124.01799999999999,0,3
736,538,...,,7126321,1439389313,Video.Play,122.0,0,3
737,529,...,,7126321,1439389331,Video.Pause,139.71,0,4
738,594,...,,7126321,1439390199,Video.Play,140.00799999999998,0,4
739,406,...,,7126321,1439390226,Video.Pause,167.351,0,5
740,427,...,,7126321,1439390453,Video.Play,167.543,0,5
741,2317,...,,7126321,1439390461,Video.Pause,176.16,0,6
742,943,...,,7126321,1439390495,Video.Play,176.39700000000002,0,6
743,2564,...,,7126321,1439390542,Video.Play,215.0,0,8
744,1340,...,,7126321,1439390543,Video.Play,207.0,0,7
745,1231,...,,7126321,1439390551,Video.Pause,215.204,0,8
746,2655,...,,7126321,1439390579,Video.Play,200.0,0,7
747,2421,...,,7126321,1439390649,Video.Pause,269.974,0,8
748,91,...,,7126321,1439390786,Video.Play,270.23,0,8
749,1460,...,,7126321,1439390879,Video.Pause,363.534,0,11
750,474,...,,7126321,1439390935,Video.Play,363.961,0,11
751,1845,...,,7126321,1439390964,Video.Play,381.0,0,11
752,1003,...,,7126321,1439390969,Video.Play,384.0,0,11
753,2663,...,,7126321,1439390969,Video.Play,378.0,0,11
754,2528,...,,7126321,1439390975,Video.Play,370.0,0,11
755,2534,...,,7126321,1439390981,Video.Play,365.0,0,11
756,1041,...,,7126321,1439390990,Video.Pause,373.589,0,11
757,2111,...,,7126321,1439391083,Video.Play,373.994,0,11
758,903,...,,7126321,1439391119,Video.Pause,409.86199999999997,0,12
759,227,...,,7126321,1439391205,Video.Play,410.14,0,12
760,2241,...,,7126321,1439391209,Video.Pause,414.096,0,12
761,267,...,,7126321,1439391224,Video.Play,414.31,0,12
762,1511,...,,7126321,1439391231,Video.Pause,421.44300000000004,0,12
763,287,...,,7126321,1439391248,Video.Play,421.80699999999996,0,12
764,1559,...,,7126321,1439391266,Video.Pause,439.398,0,12
765,1205,...,,7126321,1439391310,Video.Play,439.931,0,12
766,1920,...,,7126321,1439391332,Video.Pause,460.50199999999995,0,12
767,1223,...,,7179669,1451087189,Video.Play,0.0,0,0
768,2305,...,,7179669,1451087194,Video.Play,128.0,0,4
769,867,...,,7179669,1451087205,Video.Play,194.0,0,6
770,440,...,,7179669,1451087208,Video.Play,323.0,0,9
771,2322,...,,7215023,1436172431,Video.Play,0.0,0,0
772,1549,...,,7215023,1436172448,Video.Play,0.0,0,0
773,269,...,,7215023,1436172909,Video.Pause,460.47900000000004,0,12
774,2436,...,,7224046,1471078600,Video.Play,0.0,0,0
775,2622,...,,7224046,1471078612,Video.Pause,110.788,0,2
776,1327,...,,7521103,1481189845,Video.Play,0.003,0,0
777,1698,...,,7521103,1481189859,Video.Pause,18.3257,0,1
778,1956,...,,7521103,1481189866,Video.Play,18.4025,0,1
779,1890,...,,7521103,1481189868,Video.Pause,21.7045,0,1
780,2442,...,,7521103,1481189901,Video.Play,21.8468,0,1
781,250,...,,7521103,1481189945,Video.Pause,85.7835,0,2
782,1509,...,,7521103,1481189958,Video.Play,86.0038,0,2
783,967,...,,7521103,1481189971,Video.Pause,104.255,0,2
784,499,...,,7521103,1481189978,Video.Play,104.46799999999999,0,2
785,856,...,,7521103,1481189994,Video.Pause,127.934,0,4
786,1282,...,,7521103,1481190001,Video.Play,128.194,0,4
787,624,...,,7521103,1481190037,Video.Pause,180.945,0,6
788,459,...,,7521103,1481190116,Video.Play,181.329,0,6
789,1462,...,,7521103,1481190133,Video.Pause,207.791,0,7
790,877,...,,7521103,1481190143,Video.Play,207.792,0,7
791,1923,...,,7521103,1481190153,Video.Pause,221.298,0,8
792,942,...,,7521103,1481190251,Video.Play,208.128,0,8
793,1456,...,,7521103,1481190269,Video.Pause,235.127,0,8
794,631,...,,7521103,1481190277,Video.Play,235.41099999999997,0,8
795,513,...,,7521103,1481190291,Video.Pause,255.157,0,8
796,280,...,,7521103,1481190292,Video.Play,255.55,0,8
797,1351,...,,7521103,1481190313,Video.Pause,275.291,0,8
798,1762,...,,7521103,1481190318,Video.Play,275.622,0,8
799,1988,...,,7521103,1481190374,Video.Pause,359.29,0,10
800,55,...,,7521103,1481190383,Video.Play,356.81699999999995,0,10
801,1277,...,,7521103,1481190403,Video.Pause,387.32800000000003,0,11
802,1871,...,,7521103,1481190427,Video.Play,387.654,0,12
803,535,...,,7521103,1481190450,Video.Pause,422.151,0,12
804,2234,...,,7521103,1481190456,Video.Play,422.463,0,12
805,1278,...,,7521103,1481190467,Video.Pause,439.528,0,12
806,2101,...,,7521103,1481190478,Video.Play,439.707,0,12
807,2344,...,,7521103,1481190493,Video.Pause,460.957,0,12
808,2540,...,,7542639,1468268209,Video.Play,0.095312,0,0
809,101,...,,7542639,1468268517,Video.Pause,460.767,0,12
810,2065,...,,7564312,1487231109,Video.Play,0.002,0,0
811,433,...,,7564312,1487231195,Video.Pause,85.8968,0,2
812,1255,...,,7564312,1487231429,Video.Play,86.0231,0,2
813,168,...,,7564312,1487231582,Video.Pause,239.03400000000002,0,8
814,881,...,,7564312,1487231588,Video.Play,195.0,0,7
815,1301,...,,7564312,1487231816,Video.Pause,422.14300000000003,0,12
816,1868,...,,7564312,1487231823,Video.Play,417.001,0,12
817,592,...,,7564312,1487231867,Video.Pause,460.74300000000005,0,12
818,777,...,,7758611,1452599363,Video.Play,0.0,0,0
819,2012,...,,7758611,1452599557,Video.Play,233.0,0,8
820,1121,...,,7758611,1452599561,Video.Play,264.0,0,8
821,1540,...,,7758611,1452599562,Video.Play,291.0,0,9
822,2463,...,,7758611,1452599565,Video.Play,322.0,0,9
823,817,...,,7758611,1452599567,Video.Play,342.0,0,10
824,2420,...,,7758611,1452599569,Video.Play,363.0,0,11
825,2675,...,,7758611,1452599572,Video.Play,387.0,0,11
826,1303,...,,7758611,1452599576,Video.Play,415.0,0,12
827,336,...,,7758611,1452599577,Video.Play,441.0,0,12
828,808,...,,7758611,1452599581,Video.Pause,11.183,0,0
829,1014,...,,7758611,1452599581,Video.Play,11.0,0,0
830,388,...,,7758611,1452697618,Video.Play,11.0,0,0
831,43,...,,7758611,1452697623,Video.Play,44.0,0,1
832,743,...,,7758611,1452697625,Video.Play,93.0,0,2
833,2355,...,,7758611,1452697627,Video.Play,128.0,0,4
834,1788,...,,7758611,1452697628,Video.Play,176.0,0,6
835,2025,...,,7758611,1452697632,Video.Play,240.0,0,8
836,965,...,,7758611,1452697634,Video.Play,298.0,0,9
837,2576,...,,7758611,1452697636,Video.Play,349.0,0,10
838,387,...,,7758611,1452697638,Video.Play,390.0,0,12
839,89,...,,7758611,1452697640,Video.Play,429.0,0,12
840,916,...,,7758611,1452697641,Video.Play,24.0,0,1
841,2081,...,,7758611,1452697642,Video.Pause,24.783,0,1
842,2209,...,,7758611,1453312646,Video.Play,24.0,0,1
843,2400,...,,7758611,1453312705,Video.Pause,27.72,0,1
844,1227,...,,7785151,1452608119,Video.Play,0.0,0,0
845,2659,...,,7785151,1452608150,Video.Pause,30.676,0,1
846,1651,...,,7785151,1452608155,Video.Play,30.88,0,1
847,2429,...,,7785151,1452608195,Video.Pause,70.53699999999999,0,1
848,1726,...,,7785151,1452608196,Video.Play,71.217,0,1
849,1734,...,,7785151,1452608199,Video.Pause,73.456,0,1
850,2595,...,,7785151,1452608288,Video.Play,73.8,0,1
851,12,...,,7785151,1452608373,Video.Pause,159.477,0,4
852,644,...,,7785151,1452608379,Video.Play,159.76,0,4
853,1097,...,,7785151,1452608409,Video.Pause,189.937,0,6
854,1718,...,,7785151,1452608440,Video.Play,190.18,0,6
855,480,...,,7785151,1452608455,Video.Pause,205.05599999999998,0,7
856,2091,...,,7785151,1452608456,Video.Play,205.11599999999999,0,7
857,296,...,,7785151,1452608458,Video.Pause,207.11599999999999,0,7
858,1457,...,,7785151,1452608460,Video.Play,207.26,0,7
859,274,...,,7785151,1452608461,Video.Pause,207.916,0,8
860,1881,...,,7785151,1452608463,Video.Play,208.11599999999999,0,8
861,1125,...,,7785151,1452608488,Video.Pause,233.11700000000002,0,8
862,2079,...,,7785151,1452608492,Video.Play,233.52,0,8
863,97,...,,7785151,1452608498,Video.Pause,239.696,0,8
864,515,...,,7785151,1452608499,Video.Play,240.037,0,8
865,1744,...,,7785151,1452608511,Video.Pause,251.037,0,8
866,766,...,,7785151,1452608511,Video.Play,251.21599999999998,0,8
867,2530,...,,7785151,1452608536,Video.Pause,275.217,0,8
868,2584,...,,7785151,1452608537,Video.Play,275.51599999999996,0,8
869,525,...,,7785151,1452608553,Video.Pause,290.517,0,9
870,275,...,,7785151,1452608583,Video.Play,290.94,0,9
871,1018,...,,7785151,1452608679,Video.Pause,386.836,0,11
872,72,...,,7785151,1452608697,Video.Play,387.34,0,11
873,1080,...,,7785151,1452608747,Video.Pause,437.017,0,12
874,2063,...,,7785151,1452608752,Video.Play,437.62,0,12
875,1465,...,,7785151,1452608773,Video.Pause,459.29699999999997,0,12
876,21,...,,7935712,1469201012,Video.Play,0.001,0,0
877,2538,...,,8179166,1486731381,Video.Play,0.002,0,0
878,343,...,,8179166,1486731534,Video.Pause,152.535,0,4
879,1108,...,,8179166,1486731578,Video.Play,152.703,0,4
880,289,...,,8179166,1486731813,Video.Pause,387.24,0,11
881,1196,...,,8179166,1486732753,Video.Play,387.32599999999996,0,11
882,747,...,,8179166,1486732827,Video.Pause,460.699,0,12
883,352,...,,8179166,1486732830,Video.Play,460.846,0,12
884,1455,...,,8179166,1486732834,Video.Pause,2.6505900000000002,0,0
885,917,...,,8726123,1467639786,Video.Play,0.0,0,0
886,1918,...,,8726123,1467639820,Video.Pause,428.64,0,12
887,1492,...,,8809881,1447330967,Video.Play,0.0,0,0
888,1192,...,,8809881,1447330972,Video.Pause,4.1588,0,0
889,2633,...,,8809881,1447331894,Video.Play,4.423780000000001,0,0
890,2631,...,,8809881,1447332333,Video.Pause,460.486,0,12
891,2261,...,,8809881,1447345485,Video.Play,460.846,0,12
892,1269,...,,8964472,1480357620,Video.Play,0.004,0,0
893,151,...,,9199041,1452675715,Video.Play,0.04,0,0
894,2634,...,,9199041,1452675749,Video.Play,0.046312,0,0
895,2161,...,,9199041,1452675752,Video.Play,0.0695,0,0
896,2452,...,,9199041,1452676213,Video.Pause,460.705,0,12
897,79,...,,9906990,1459400321,Video.Play,0.0,0,0
898,324,...,,9906990,1459400555,Video.Pause,338.96,0,10
899,2594,...,,9906990,1459400722,Video.Play,339.585,0,10
900,2639,...,,9906990,1459400803,Video.Pause,460.41900000000004,0,12
901,1775,...,,10259646,1480000167,Video.Play,0.027555,0,0
902,2672,...,,10259646,1480000174,Video.Pause,6.37464,0,0
903,996,...,,10259646,1480043309,Video.Play,6.002000000000001,0,0
904,2709,...,,10259646,1480043540,Video.Pause,237.13,0,8
905,1974,...,,10259646,1480043799,Video.Play,237.25,0,8
906,728,...,,10259646,1480044023,Video.Pause,460.73199999999997,0,12
907,2489,...,,11735580,1472689131,Video.Play,0.001,0,0
908,1163,...,,11735580,1472689296,Video.Pause,163.93099999999998,0,5
909,933,...,,11735580,1472689319,Video.Play,164.21099999999998,0,5
910,880,...,,11735580,1472689354,Video.Pause,199.12099999999998,0,7
911,2578,...,,11735580,1472689369,Video.Play,199.303,0,7
912,1056,...,,11735580,1472689442,Video.Pause,272.218,0,8
913,1417,...,,11735580,1472689480,Video.Play,272.349,0,8
914,1979,...,,11735580,1472689668,Video.Pause,460.852,0,12
915,1190,...,,12004879,1475835158,Video.Play,0.023,0,0
916,1703,...,,12004879,1475835329,Video.Pause,170.56400000000002,0,6
917,1542,...,,12004879,1475835502,Video.Play,170.685,0,6
918,484,...,,12004879,1475835803,Video.Pause,460.705,0,12
919,2189,...,,12004879,1475836887,Video.Play,460.847,0,12
920,1207,...,,12004879,1475836892,Video.Pause,4.5578,0,0
921,92,...,,12911082,1482037254,Video.Play,0.005,0,0
922,1442,...,,12911082,1482037280,Video.Pause,25.6587,0,1
923,1568,...,,12911082,1482038845,Video.Play,24.623,0,1
924,2638,...,,12911082,1482039282,Video.Pause,460.98900000000003,0,12
925,780,...,,13032543,1483581637,Video.Play,0.002,0,0
926,2109,...,,13079316,1486657369,Video.Play,1.17324,0,0
927,481,...,,13079316,1486657388,Video.Pause,20.3717,0,1
928,1616,...,,13079316,1486657637,Video.Play,20.6289,0,1
929,1883,...,,13079316,1486657674,Video.Pause,58.1811,0,1
930,273,...,,13079316,1486657778,Video.Play,58.3622,0,1
931,654,...,,13079316,1486658181,Video.Pause,460.711,0,12
